SEQ,DATETIME,TIME,라인코드,라인명,생산품번,품목코드,품목명,레벨번호,공정명,단위중량,차종,표준작업시간,준비시간,기계시간,노무시간,투입인원,재고량,Unnamed: 18,Unnamed: 19
19,2024-09-04 12:00,,103,1200TON PRESS,21871-4H100,21871-4H100,2WD MBR UPR AT,0,2WD MBR UPR AT,0.0,TQ,7.2,0,0,0,1,0,,
272,2024-09-04 13:00,,103,1200TON PRESS,21871-4H100,21871-4H100,2WD MBR UPR AT,0,2WD MBR UPR AT,0.0,TQ,7.2,0,0,0,1,0,,
478,2024-09-04 14:00,,103,1200TON PRESS,21871-4H100,21871-4H100,2WD MBR UPR AT,0,2WD MBR UPR AT,0.0,TQ,7.2,0,0,0,1,0,,
605,2024-09-04 15:00,,103,1200TON PRESS,21871-4H100,21871-4H100,2WD MBR UPR AT,0,2WD MBR UPR AT,0.0,TQ,7.2,0,0,0,1,0,,
979,2024-09-04 16:00,,103,1200TON PRESS,21871-4H100,21871-4H100,2WD MBR UPR AT,0,2WD MBR UPR AT,0.0,TQ,7.2,0,0,0,1,0,,
1036,2024-09-04 17:00,,103,1200TON PRESS,21871-4H100,21871-4H100,2WD MBR UPR AT,0,2WD MBR UPR AT,0.0,TQ,7.2,0,0,0,1,0,,
1258,2024-09-04 18:00,,103,1200TON PRESS,21871-4H100,21871-4H100,2WD MBR UPR AT,0,2WD MBR UPR AT,0.0,TQ,7.2,0,0,0,1,0,,
1466,2024-09-04 19:00,,103,1200TON PRESS,21871-4H100,21871-4H100,2WD MBR UPR AT,0,2WD MBR UPR AT,0.0,TQ,7.2,0,0,0,1,0,,
1644,2024-09-04 20:00,,103,1200TON PRESS,21871-4H100,21871-4H100,2WD MBR UPR AT,0,2WD MBR UPR AT,0.0,TQ,7.2,0,0,0,1,0,,
1830,2024-09-04 21:00,,103,1200TON PRESS,21871-4H100,21871-4H100,2WD MBR UPR AT,0,2WD MBR UPR AT,0.0,TQ,7.2,0,0,0,1,0,,
2049,2024-09-04 22:00,,103,1200TON PRESS,21871-4H100,21871-4H100,2WD MBR UPR AT,0,2WD MBR UPR AT,0.0,TQ,7.2,0,0,0,1,0,,
2201,2024-09-04 23:00,,103,1200TON PRESS,21871-4H100,21871-4H100,2WD MBR UPR AT,0,2WD MBR UPR AT,0.0,TQ,7.2,0,0,0,1,0,,
2535,2024-09-05 0:00,,103,1200TON PRESS,21871-4H100,21871-4H100,2WD MBR UPR AT,0,2WD MBR UPR AT,0.0,TQ,7.2,0,0,0,1,0,,
2590,2024-09-05 1:00,,103,1200TON PRESS,21871-4H100,21871-4H100,2WD MBR UPR AT,0,2WD MBR UPR AT,0.0,TQ,7.2,0,0,0,1,0,,
2901,2024-09-05 2:00,,103,1200TON PRESS,21871-4H100,21871-4H100,2WD MBR UPR AT,0,2WD MBR UPR AT,0.0,TQ,7.2,0,0,0,1,0,,
3098,2024-09-05 3:00,,103,1200TON PRESS,21871-4H100,21871-4H100,2WD MBR UPR AT,0,2WD MBR UPR AT,0.0,TQ,7.2,0,0,0,1,0,,
3211,2024-09-05 4:00,,103,1200TON PRESS,21871-4H100,21871-4H100,2WD MBR UPR AT,0,2WD MBR UPR AT,0.0,TQ,7.2,0,0,0,1,0,,
3402,2024-09-05 5:00,,103,1200TON PRESS,21871-4H100,21871-4H100,2WD MBR UPR AT,0,2WD MBR UPR AT,0.0,TQ,7.2,0,0,0,1,0,,
3647,2024-09-05 6:00,,103,1200TON PRESS,21871-4H100,21871-4H100,2WD MBR UPR AT,0,2WD MBR UPR AT,0.0,TQ,7.2,0,0,0,1,0,,
3793,2024-09-05 7:00,,103,1200TON PRESS,21871-4H100,21871-4H100,2WD MBR UPR AT,0,2WD MBR UPR AT,0.0,TQ,7.2,0,0,0,1,0,,
4012,2024-09-05 8:00,,103,1200TON PRESS,21871-4H100,21871-4H100,2WD MBR UPR AT,0,2WD MBR UPR AT,0.0,TQ,7.2,0,0,0,1,0,,
4275,2024-09-05 9:00,,103,1200TON PRESS,21871-4H100,21871-4H100,2WD MBR UPR AT,0,2WD MBR UPR AT,0.0,TQ,7.2,0,0,0,1,0,,
4384,2024-09-05 10:00,,103,1200TON PRESS,21871-4H100,21871-4H100,2WD MBR UPR AT,0,2WD MBR UPR AT,0.0,TQ,7.2,0,0,0,1,0,,
4769,2024-09-05 11:00,,103,1200TON PRESS,21871-4H100,21871-4H100,2WD MBR UPR AT,0,2WD MBR UPR AT,0.0,TQ,7.2,0,0,0,1,0,,
4787,2024-09-05 12:00,,103,1200TON PRESS,21871-4H100,21871-4H100,2WD MBR UPR AT,0,2WD MBR UPR AT,0.0,TQ,7.2,0,0,0,1,0,,
4987,2024-09-05 13:00,,103,1200TON PRESS,21871-4H100,21871-4H100,2WD MBR UPR AT,0,2WD MBR UPR AT,0.0,TQ,7.2,0,0,0,1,0,,
5207,2024-09-05 14:00,,103,1200TON PRESS,21871-4H100,21871-4H100,2WD MBR UPR AT,0,2WD MBR UPR AT,0.0,TQ,7.2,0,0,0,1,0,,
5527,2024-09-05 15:00,,103,1200TON PRESS,21871-4H100,21871-4H100,2WD MBR UPR AT,0,2WD MBR UPR AT,0.0,TQ,7.2,0,0,0,1,0,,
5594,2024-09-05 16:00,,103,1200TON PRESS,21871-4H100,21871-4H100,2WD MBR UPR AT,0,2WD MBR UPR AT,0.0,TQ,7.2,0,0,0,1,0,,
5787,2024-09-05 17:00,,103,1200TON PRESS,21871-4H100,21871-4H100,2WD MBR UPR AT,0,2WD MBR UPR AT,0.0,TQ,7.2,0,0,0,1,0,,
5982,2024-09-05 18:00,,103,1200TON PRESS,21871-4H100,21871-4H100,2WD MBR UPR AT,0,2WD MBR UPR AT,0.0,TQ,7.2,0,0,0,1,0,,
6288,2024-09-05 19:00,,103,1200TON PRESS,21871-4H100,21871-4H100,2WD MBR UPR AT,0,2WD MBR UPR AT,0.0,TQ,7.2,0,0,0,1,0,,
6418,2024-09-05 20:00,,103,1200TON PRESS,21871-4H100,21871-4H100,2WD MBR UPR AT,0,2WD MBR UPR AT,0.0,TQ,7.2,0,0,0,1,0,,
6570,2024-09-05 21:00,,103,1200TON PRESS,21871-4H100,21871-4H100,2WD MBR UPR AT,0,2WD MBR UPR AT,0.0,TQ,7.2,0,0,0,1,0,,
6786,2024-09-05 22:00,,103,1200TON PRESS,21871-4H100,21871-4H100,2WD MBR UPR AT,0,2WD MBR UPR AT,0.0,TQ,7.2,0,0,0,1,0,,
7080,2024-09-05 23:00,,103,1200TON PRESS,21871-4H100,21871-4H100,2WD MBR UPR AT,0,2WD MBR UPR AT,0.0,TQ,7.2,0,0,0,1,0,,
7217,2024-09-06 0:00,,103,1200TON PRESS,21871-4H100,21871-4H100,2WD MBR UPR AT,0,2WD MBR UPR AT,0.0,TQ,7.2,0,0,0,1,0,,
7388,2024-09-06 1:00,,103,1200TON PRESS,21871-4H100,21871-4H100,2WD MBR UPR AT,0,2WD MBR UPR AT,0.0,TQ,7.2,0,0,0,1,0,,
7673,2024-09-06 2:00,,103,1200TON PRESS,21871-4H100,21871-4H100,2WD MBR UPR AT,0,2WD MBR UPR AT,0.0,TQ,7.2,0,0,0,1,0,,
7764,2024-09-06 3:00,,103,1200TON PRESS,21871-4H100,21871-4H100,2WD MBR UPR AT,0,2WD MBR UPR AT,0.0,TQ,7.2,0,0,0,1,0,,
7981,2024-09-06 4:00,,103,1200TON PRESS,21871-4H100,21871-4H100,2WD MBR UPR AT,0,2WD MBR UPR AT,0.0,TQ,7.2,0,0,0,1,0,,
8184,2024-09-06 5:00,,103,1200TON PRESS,21871-4H100,21871-4H100,2WD MBR UPR AT,0,2WD MBR UPR AT,0.0,TQ,7.2,0,0,0,1,0,,
8391,2024-09-06 6:00,,103,1200TON PRESS,21871-4H100,21871-4H100,2WD MBR UPR AT,0,2WD MBR UPR AT,0.0,TQ,7.2,0,0,0,1,0,,
8593,2024-09-06 7:00,,103,1200TON PRESS,21871-4H100,21871-4H100,2WD MBR UPR AT,0,2WD MBR UPR AT,0.0,TQ,7.2,0,0,0,1,0,,
8835,2024-09-06 8:00,,103,1200TON PRESS,21871-4H100,21871-4H100,2WD MBR UPR AT,0,2WD MBR UPR AT,0.0,TQ,7.2,0,0,0,1,0,,
9012,2024-09-06 9:00,,103,1200TON PRESS,21871-4H100,21871-4H100,2WD MBR UPR AT,0,2WD MBR UPR AT,0.0,TQ,7.2,0,0,0,1,0,,
9188,2024-09-06 10:00,,103,1200TON PRESS,21871-4H100,21871-4H100,2WD MBR UPR AT,0,2WD MBR UPR AT,0.0,TQ,7.2,0,0,0,1,0,,
9365,2024-09-06 11:00,,103,1200TON PRESS,21871-4H100,21871-4H100,2WD MBR UPR AT,0,2WD MBR UPR AT,0.0,TQ,7.2,0,0,0,1,0,,
9569,2024-09-06 12:00,,103,1200TON PRESS,21871-4H100,21871-4H100,2WD MBR UPR AT,0,2WD MBR UPR AT,0.0,TQ,7.2,0,0,0,1,0,,
9770,2024-09-06 13:00,,103,1200TON PRESS,21871-4H100,21871-4H100,2WD MBR UPR AT,0,2WD MBR UPR AT,0.0,TQ,7.2,0,0,0,1,0,,
9965,2024-09-06 14:00,,103,1200TON PRESS,21871-4H100,21871-4H100,2WD MBR UPR AT,0,2WD MBR UPR AT,0.0,TQ,7.2,0,0,0,1,0,,
10242,2024-09-06 15:00,,103,1200TON PRESS,21871-4H100,21871-4H100,2WD MBR UPR AT,0,2WD MBR UPR AT,0.0,TQ,7.2,0,0,0,1,0,,
10366,2024-09-06 17:00,,103,1200TON PRESS,21871-4H100,21871-4H100,2WD MBR UPR AT,0,2WD MBR UPR AT,0.0,TQ,7.2,0,0,0,1,0,,
10566,2024-09-06 18:00,,103,1200TON PRESS,21871-4H100,21871-4H100,2WD MBR UPR AT,0,2WD MBR UPR AT,0.0,TQ,7.2,0,0,0,1,0,,
10754,2024-09-06 19:00,,103,1200TON PRESS,21871-4H100,21871-4H100,2WD MBR UPR AT,0,2WD MBR UPR AT,0.0,TQ,7.2,0,0,0,1,0,,
11087,2024-09-06 20:00,,103,1200TON PRESS,21871-4H100,21871-4H100,2WD MBR UPR AT,0,2WD MBR UPR AT,0.0,TQ,7.2,0,0,0,1,0,,
11327,2024-09-06 21:00,,103,1200TON PRESS,21871-4H100,21871-4H100,2WD MBR UPR AT,0,2WD MBR UPR AT,0.0,TQ,7.2,0,0,0,1,0,,
11453,2024-09-06 22:00,,103,1200TON PRESS,21871-4H100,21871-4H100,2WD MBR UPR AT,0,2WD MBR UPR AT,0.0,TQ,7.2,0,0,0,1,0,,
11558,2024-09-06 23:00,,103,1200TON PRESS,21871-4H100,21871-4H100,2WD MBR UPR AT,0,2WD MBR UPR AT,0.0,TQ,7.2,0,0,0,1,0,,
11753,2024-09-07 0:00,,103,1200TON PRESS,21871-4H100,21871-4H100,2WD MBR UPR AT,0,2WD MBR UPR AT,0.0,TQ,7.2,0,0,0,1,0,,
11981,2024-09-07 1:00,,103,1200TON PRESS,21871-4H100,21871-4H100,2WD MBR UPR AT,0,2WD MBR UPR AT,0.0,TQ,7.2,0,0,0,1,0,,
12158,2024-09-07 2:00,,103,1200TON PRESS,21871-4H100,21871-4H100,2WD MBR UPR AT,0,2WD MBR UPR AT,0.0,TQ,7.2,0,0,0,1,0,,
12357,2024-09-07 3:00,,103,1200TON PRESS,21871-4H100,21871-4H100,2WD MBR UPR AT,0,2WD MBR UPR AT,0.0,TQ,7.2,0,0,0,1,0,,
12579,2024-09-07 6:00,,103,1200TON PRESS,21871-4H100,21871-4H100,2WD MBR UPR AT,0,2WD MBR UPR AT,0.0,TQ,7.2,0,0,0,1,0,,
12770,2024-09-07 7:00,,103,1200TON PRESS,21871-4H100,21871-4H100,2WD MBR UPR AT,0,2WD MBR UPR AT,0.0,TQ,7.2,0,0,0,1,0,,
12945,2024-09-07 8:00,,103,1200TON PRESS,21871-4H100,21871-4H100,2WD MBR UPR AT,0,2WD MBR UPR AT,0.0,TQ,7.2,0,0,0,1,0,,
13223,2024-09-07 9:00,,103,1200TON PRESS,21871-4H100,21871-4H100,2WD MBR UPR AT,0,2WD MBR UPR AT,0.0,TQ,7.2,0,0,0,1,0,,
13476,2024-09-07 10:00,,103,1200TON PRESS,21871-4H100,21871-4H100,2WD MBR UPR AT,0,2WD MBR UPR AT,0.0,TQ,7.2,0,0,0,1,0,,
13535,2024-09-07 11:00,,103,1200TON PRESS,21871-4H100,21871-4H100,2WD MBR UPR AT,0,2WD MBR UPR AT,0.0,TQ,7.2,0,0,0,1,0,,
13743,2024-09-07 12:00,,103,1200TON PRESS,21871-4H100,21871-4H100,2WD MBR UPR AT,0,2WD MBR UPR AT,0.0,TQ,7.2,0,0,0,1,0,,
14113,2024-09-07 13:00,,103,1200TON PRESS,21871-4H100,21871-4H100,2WD MBR UPR AT,0,2WD MBR UPR AT,0.0,TQ,7.2,0,0,0,1,0,,
14172,2024-09-07 14:00,,103,1200TON PRESS,21871-4H100,21871-4H100,2WD MBR UPR AT,0,2WD MBR UPR AT,0.0,TQ,7.2,0,0,0,1,0,,
14367,2024-09-07 15:00,,103,1200TON PRESS,21871-4H100,21871-4H100,2WD MBR UPR AT,0,2WD MBR UPR AT,0.0,TQ,7.2,0,0,0,1,0,,
14554,2024-09-07 16:00,,103,1200TON PRESS,21871-4H100,21871-4H100,2WD MBR UPR AT,0,2WD MBR UPR AT,0.0,TQ,7.2,0,0,0,1,0,,
14761,2024-09-07 17:00,,103,1200TON PRESS,21871-4H100,21871-4H100,2WD MBR UPR AT,0,2WD MBR UPR AT,0.0,TQ,7.2,0,0,0,1,0,,
14928,2024-09-07 18:00,,103,1200TON PRESS,21871-4H100,21871-4H100,2WD MBR UPR AT,0,2WD MBR UPR AT,0.0,TQ,7.2,0,0,0,1,0,,
15228,2024-09-07 19:00,,103,1200TON PRESS,21871-4H100,21871-4H100,2WD MBR UPR AT,0,2WD MBR UPR AT,0.0,TQ,7.2,0,0,0,1,0,,
15379,2024-09-07 20:00,,103,1200TON PRESS,21871-4H100,21871-4H100,2WD MBR UPR AT,0,2WD MBR UPR AT,0.0,TQ,7.2,0,0,0,1,0,,
15638,2024-09-07 21:00,,103,1200TON PRESS,21871-4H100,21871-4H100,2WD MBR UPR AT,0,2WD MBR UPR AT,0.0,TQ,7.2,0,0,0,1,0,,
15741,2024-09-07 22:00,,103,1200TON PRESS,21871-4H100,21871-4H100,2WD MBR UPR AT,0,2WD MBR UPR AT,0.0,TQ,7.2,0,0,0,1,0,,
15945,2024-09-07 23:00,,103,1200TON PRESS,21871-4H100,21871-4H100,2WD MBR UPR AT,0,2WD MBR UPR AT,0.0,TQ,7.2,0,0,0,1,0,,
16143,2024-09-08 0:00,,103,1200TON PRESS,21871-4H100,21871-4H100,2WD MBR UPR AT,0,2WD MBR UPR AT,0.0,TQ,7.2,0,0,0,1,0,,
16434,2024-09-08 3:00,,103,1200TON PRESS,21871-4H100,21871-4H100,2WD MBR UPR AT,0,2WD MBR UPR AT,0.0,TQ,7.2,0,0,0,1,0,,
16545,2024-09-08 4:08,,103,1200TON PRESS,21871-4H100,21871-4H100,2WD MBR UPR AT,0,2WD MBR UPR AT,0.0,TQ,7.2,0,0,0,1,0,,
16749,2024-09-08 5:00,,103,1200TON PRESS,21871-4H100,21871-4H100,2WD MBR UPR AT,0,2WD MBR UPR AT,0.0,TQ,7.2,0,0,0,1,0,,
16984,2024-09-08 6:00,,103,1200TON PRESS,21871-4H100,21871-4H100,2WD MBR UPR AT,0,2WD MBR UPR AT,0.0,TQ,7.2,0,0,0,1,0,,
17178,2024-09-08 7:00,,103,1200TON PRESS,21871-4H100,21871-4H100,2WD MBR UPR AT,0,2WD MBR UPR AT,0.0,TQ,7.2,0,0,0,1,0,,
17347,2024-09-08 8:01,,103,1200TON PRESS,21871-4H100,21871-4H100,2WD MBR UPR AT,0,2WD MBR UPR AT,0.0,TQ,7.2,0,0,0,1,0,,
17626,2024-09-08 9:00,,103,1200TON PRESS,21871-4H100,21871-4H100,2WD MBR UPR AT,0,2WD MBR UPR AT,0.0,TQ,7.2,0,0,0,1,0,,
17769,2024-09-08 10:00,,103,1200TON PRESS,21871-4H100,21871-4H100,2WD MBR UPR AT,0,2WD MBR UPR AT,0.0,TQ,7.2,0,0,0,1,0,,
17918,2024-09-08 11:00,,103,1200TON PRESS,21871-4H100,21871-4H100,2WD MBR UPR AT,0,2WD MBR UPR AT,0.0,TQ,7.2,0,0,0,1,0,,
18262,2024-09-08 12:00,,103,1200TON PRESS,21871-4H100,21871-4H100,2WD MBR UPR AT,0,2WD MBR UPR AT,0.0,TQ,7.2,0,0,0,1,0,,
18320,2024-09-08 13:00,,103,1200TON PRESS,21871-4H100,21871-4H100,2WD MBR UPR AT,0,2WD MBR UPR AT,0.0,TQ,7.2,0,0,0,1,0,,
18538,2024-09-08 14:00,,103,1200TON PRESS,21871-4H100,21871-4H100,2WD MBR UPR AT,0,2WD MBR UPR AT,0.0,TQ,7.2,0,0,0,1,0,,
18747,2024-09-08 15:00,,103,1200TON PRESS,21871-4H100,21871-4H100,2WD MBR UPR AT,0,2WD MBR UPR AT,0.0,TQ,7.2,0,0,0,1,0,,
18932,2024-09-08 16:00,,103,1200TON PRESS,21871-4H100,21871-4H100,2WD MBR UPR AT,0,2WD MBR UPR AT,0.0,TQ,7.2,0,0,0,1,0,,
19144,2024-09-08 17:00,,103,1200TON PRESS,21871-4H100,21871-4H100,2WD MBR UPR AT,0,2WD MBR UPR AT,0.0,TQ,7.2,0,0,0,1,0,,
19323,2024-09-08 18:00,,103,1200TON PRESS,21871-4H100,21871-4H100,2WD MBR UPR AT,0,2WD MBR UPR AT,0.0,TQ,7.2,0,0,0,1,0,,
19514,2024-09-08 19:00,,103,1200TON PRESS,21871-4H100,21871-4H100,2WD MBR UPR AT,0,2WD MBR UPR AT,0.0,TQ,7.2,0,0,0,1,0,,
19769,2024-09-08 20:00,,103,1200TON PRESS,21871-4H100,21871-4H100,2WD MBR UPR AT,0,2WD MBR UPR AT,0.0,TQ,7.2,0,0,0,1,0,,
20001,2024-09-08 21:00,,103,1200TON PRESS,21871-4H100,21871-4H100,2WD MBR UPR AT,0,2WD MBR UPR AT,0.0,TQ,7.2,0,0,0,1,0,,
20142,2024-09-08 22:00,,103,1200TON PRESS,21871-4H100,21871-4H100,2WD MBR UPR AT,0,2WD MBR UPR AT,0.0,TQ,7.2,0,0,0,1,0,,
20347,2024-09-08 23:00,,103,1200TON PRESS,21871-4H100,21871-4H100,2WD MBR UPR AT,0,2WD MBR UPR AT,0.0,TQ,7.2,0,0,0,1,0,,
20580,2024-09-09 0:00,,103,1200TON PRESS,21871-4H100,21871-4H100,2WD MBR UPR AT,0,2WD MBR UPR AT,0.0,TQ,7.2,0,0,0,1,0,,
20821,2024-09-09 1:00,,103,1200TON PRESS,21871-4H100,21871-4H100,2WD MBR UPR AT,0,2WD MBR UPR AT,0.0,TQ,7.2,0,0,0,1,0,,
21041,2024-09-09 2:00,,103,1200TON PRESS,21871-4H100,21871-4H100,2WD MBR UPR AT,0,2WD MBR UPR AT,0.0,TQ,7.2,0,0,0,1,0,,
21115,2024-09-09 3:00,,103,1200TON PRESS,21871-4H100,21871-4H100,2WD MBR UPR AT,0,2WD MBR UPR AT,0.0,TQ,7.2,0,0,0,1,0,,
21316,2024-09-09 4:00,,103,1200TON PRESS,21871-4H100,21871-4H100,2WD MBR UPR AT,0,2WD MBR UPR AT,0.0,TQ,7.2,0,0,0,1,0,,
21500,2024-09-09 5:00,,103,1200TON PRESS,21871-4H100,21871-4H100,2WD MBR UPR AT,0,2WD MBR UPR AT,0.0,TQ,7.2,0,0,0,1,0,,
21773,2024-09-09 6:00,,103,1200TON PRESS,21871-4H100,21871-4H100,2WD MBR UPR AT,0,2WD MBR UPR AT,0.0,TQ,7.2,0,0,0,1,0,,
21906,2024-09-09 7:00,,103,1200TON PRESS,21871-4H100,21871-4H100,2WD MBR UPR AT,0,2WD MBR UPR AT,0.0,TQ,7.2,0,0,0,1,0,,
22115,2024-09-09 8:00,,103,1200TON PRESS,21871-4H100,21871-4H100,2WD MBR UPR AT,0,2WD MBR UPR AT,0.0,TQ,7.2,0,0,0,1,0,,
22291,2024-09-09 9:00,,103,1200TON PRESS,21871-4H100,21871-4H100,2WD MBR UPR AT,0,2WD MBR UPR AT,0.0,TQ,7.2,0,0,0,1,0,,
22641,2024-09-09 10:00,,103,1200TON PRESS,21871-4H100,21871-4H100,2WD MBR UPR AT,0,2WD MBR UPR AT,0.0,TQ,7.2,0,0,0,1,0,,
22703,2024-09-09 11:02,,103,1200TON PRESS,21871-4H100,21871-4H100,2WD MBR UPR AT,0,2WD MBR UPR AT,0.0,TQ,7.2,0,0,0,1,0,,
22893,2024-09-09 12:00,,103,1200TON PRESS,21871-4H100,21871-4H100,2WD MBR UPR AT,0,2WD MBR UPR AT,0.0,TQ,7.2,0,0,0,1,0,,
23113,2024-09-09 14:00,,103,1200TON PRESS,21871-4H100,21871-4H100,2WD MBR UPR AT,0,2WD MBR UPR AT,0.0,TQ,7.2,0,0,0,1,0,,
23385,2024-09-09 15:00,,103,1200TON PRESS,21871-4H100,21871-4H100,2WD MBR UPR AT,0,2WD MBR UPR AT,0.0,TQ,7.2,0,0,0,1,0,,
23601,2024-09-09 16:00,,103,1200TON PRESS,21871-4H100,21871-4H100,2WD MBR UPR AT,0,2WD MBR UPR AT,0.0,TQ,7.2,0,0,0,1,0,,
23818,2024-09-09 17:00,,103,1200TON PRESS,21871-4H100,21871-4H100,2WD MBR UPR AT,0,2WD MBR UPR AT,0.0,TQ,7.2,0,0,0,1,0,,
23914,2024-09-09 18:00,,103,1200TON PRESS,21871-4H100,21871-4H100,2WD MBR UPR AT,0,2WD MBR UPR AT,0.0,TQ,7.2,0,0,0,1,0,,
24106,2024-09-09 19:00,,103,1200TON PRESS,21871-4H100,21871-4H100,2WD MBR UPR AT,0,2WD MBR UPR AT,0.0,TQ,7.2,0,0,0,1,0,,
24316,2024-09-09 20:00,,103,1200TON PRESS,21871-4H100,21871-4H100,2WD MBR UPR AT,0,2WD MBR UPR AT,0.0,TQ,7.2,0,0,0,1,0,,
24480,2024-09-09 21:00,,103,1200TON PRESS,21871-4H100,21871-4H100,2WD MBR UPR AT,0,2WD MBR UPR AT,0.0,TQ,7.2,0,0,0,1,0,,
24679,2024-09-09 22:00,,103,1200TON PRESS,21871-4H100,21871-4H100,2WD MBR UPR AT,0,2WD MBR UPR AT,0.0,TQ,7.2,0,0,0,1,0,,
24892,2024-09-09 23:00,,103,1200TON PRESS,21871-4H100,21871-4H100,2WD MBR UPR AT,0,2WD MBR UPR AT,0.0,TQ,7.2,0,0,0,1,0,,
25086,2024-09-10 0:00,,103,1200TON PRESS,21871-4H100,21871-4H100,2WD MBR UPR AT,0,2WD MBR UPR AT,0.0,TQ,7.2,0,0,0,1,0,,
25293,2024-09-10 1:00,,103,1200TON PRESS,21871-4H100,21871-4H100,2WD MBR UPR AT,0,2WD MBR UPR AT,0.0,TQ,7.2,0,0,0,1,0,,
25491,2024-09-10 2:00,,103,1200TON PRESS,21871-4H100,21871-4H100,2WD MBR UPR AT,0,2WD MBR UPR AT,0.0,TQ,7.2,0,0,0,1,0,,
25758,2024-09-10 3:00,,103,1200TON PRESS,21871-4H100,21871-4H100,2WD MBR UPR AT,0,2WD MBR UPR AT,0.0,TQ,7.2,0,0,0,1,0,,
25946,2024-09-10 4:00,,103,1200TON PRESS,21871-4H100,21871-4H100,2WD MBR UPR AT,0,2WD MBR UPR AT,0.0,TQ,7.2,0,0,0,1,0,,
26222,2024-09-10 5:00,,103,1200TON PRESS,21871-4H100,21871-4H100,2WD MBR UPR AT,0,2WD MBR UPR AT,0.0,TQ,7.2,0,0,0,1,0,,
26322,2024-09-10 6:00,,103,1200TON PRESS,21871-4H100,21871-4H100,2WD MBR UPR AT,0,2WD MBR UPR AT,0.0,TQ,7.2,0,0,0,1,0,,
26525,2024-09-10 7:00,,103,1200TON PRESS,21871-4H100,21871-4H100,2WD MBR UPR AT,0,2WD MBR UPR AT,0.0,TQ,7.2,0,0,0,1,0,,
26693,2024-09-10 8:00,,103,1200TON PRESS,21871-4H100,21871-4H100,2WD MBR UPR AT,0,2WD MBR UPR AT,0.0,TQ,7.2,0,0,0,1,0,,
26935,2024-09-10 9:00,,103,1200TON PRESS,21871-4H100,21871-4H100,2WD MBR UPR AT,0,2WD MBR UPR AT,0.0,TQ,7.2,0,0,0,1,0,,
27088,2024-09-10 10:00,,103,1200TON PRESS,21871-4H100,21871-4H100,2WD MBR UPR AT,0,2WD MBR UPR AT,0.0,TQ,7.2,0,0,0,1,0,,
27266,2024-09-10 11:00,,103,1200TON PRESS,21871-4H100,21871-4H100,2WD MBR UPR AT,0,2WD MBR UPR AT,0.0,TQ,7.2,0,0,0,1,0,,
27465,2024-09-10 12:00,,103,1200TON PRESS,21871-4H100,21871-4H100,2WD MBR UPR AT,0,2WD MBR UPR AT,0.0,TQ,7.2,0,0,0,1,0,,
27673,2024-09-10 13:00,,103,1200TON PRESS,21871-4H100,21871-4H100,2WD MBR UPR AT,0,2WD MBR UPR AT,0.0,TQ,7.2,0,0,0,1,0,,
27871,2024-09-10 14:00,,103,1200TON PRESS,21871-4H100,21871-4H100,2WD MBR UPR AT,0,2WD MBR UPR AT,0.0,TQ,7.2,0,0,0,1,0,,
28060,2024-09-10 15:00,,103,1200TON PRESS,21871-4H100,21871-4H100,2WD MBR UPR AT,0,2WD MBR UPR AT,0.0,TQ,7.2,0,0,0,1,0,,
28290,2024-09-10 16:00,,103,1200TON PRESS,21871-4H100,21871-4H100,2WD MBR UPR AT,0,2WD MBR UPR AT,0.0,TQ,7.2,0,0,0,1,0,,
28469,2024-09-10 17:00,,103,1200TON PRESS,21871-4H100,21871-4H100,2WD MBR UPR AT,0,2WD MBR UPR AT,0.0,TQ,7.2,0,0,0,1,0,,
28671,2024-09-10 18:00,,103,1200TON PRESS,21871-4H100,21871-4H100,2WD MBR UPR AT,0,2WD MBR UPR AT,0.0,TQ,7.2,0,0,0,1,0,,
28867,2024-09-10 19:00,,103,1200TON PRESS,21871-4H100,21871-4H100,2WD MBR UPR AT,0,2WD MBR UPR AT,0.0,TQ,7.2,0,0,0,1,0,,
29164,2024-09-10 20:00,,103,1200TON PRESS,21871-4H100,21871-4H100,2WD MBR UPR AT,0,2WD MBR UPR AT,0.0,TQ,7.2,0,0,0,1,0,,
29268,2024-09-10 21:00,,103,1200TON PRESS,21871-4H100,21871-4H100,2WD MBR UPR AT,0,2WD MBR UPR AT,0.0,TQ,7.2,0,0,0,1,0,,
29478,2024-09-10 22:00,,103,1200TON PRESS,21871-4H100,21871-4H100,2WD MBR UPR AT,0,2WD MBR UPR AT,0.0,TQ,7.2,0,0,0,1,0,,
29672,2024-09-10 23:00,,103,1200TON PRESS,21871-4H100,21871-4H100,2WD MBR UPR AT,0,2WD MBR UPR AT,0.0,TQ,7.2,0,0,0,1,0,,
29851,2024-09-11 1:00,,103,1200TON PRESS,21871-4H100,21871-4H100,2WD MBR UPR AT,0,2WD MBR UPR AT,0.0,TQ,7.2,0,0,0,1,0,,
30160,2024-09-11 2:00,,103,1200TON PRESS,21871-4H100,21871-4H100,2WD MBR UPR AT,0,2WD MBR UPR AT,0.0,TQ,7.2,0,0,0,1,0,,
30344,2024-09-11 3:00,,103,1200TON PRESS,21871-4H100,21871-4H100,2WD MBR UPR AT,0,2WD MBR UPR AT,0.0,TQ,7.2,0,0,0,1,0,,
30464,2024-09-11 4:00,,103,1200TON PRESS,21871-4H100,21871-4H100,2WD MBR UPR AT,0,2WD MBR UPR AT,0.0,TQ,7.2,0,0,0,1,0,,
30721,2024-09-11 5:00,,103,1200TON PRESS,21871-4H100,21871-4H100,2WD MBR UPR AT,0,2WD MBR UPR AT,0.0,TQ,7.2,0,0,0,1,0,,
30862,2024-09-11 6:00,,103,1200TON PRESS,21871-4H100,21871-4H100,2WD MBR UPR AT,0,2WD MBR UPR AT,0.0,TQ,7.2,0,0,0,1,0,,
31086,2024-09-11 7:00,,103,1200TON PRESS,21871-4H100,21871-4H100,2WD MBR UPR AT,0,2WD MBR UPR AT,0.0,TQ,7.2,0,0,0,1,0,,
31351,2024-09-11 8:00,,103,1200TON PRESS,21871-4H100,21871-4H100,2WD MBR UPR AT,0,2WD MBR UPR AT,0.0,TQ,7.2,0,0,0,1,0,,
31513,2024-09-11 9:00,,103,1200TON PRESS,21871-4H100,21871-4H100,2WD MBR UPR AT,0,2WD MBR UPR AT,0.0,TQ,7.2,0,0,0,1,0,,
31744,2024-09-11 10:00,,103,1200TON PRESS,21871-4H100,21871-4H100,2WD MBR UPR AT,0,2WD MBR UPR AT,0.0,TQ,7.2,0,0,0,1,0,,
31914,2024-09-11 11:00,,103,1200TON PRESS,21871-4H100,21871-4H100,2WD MBR UPR AT,0,2WD MBR UPR AT,0.0,TQ,7.2,0,0,0,1,0,,
32076,2024-09-11 13:00,,103,1200TON PRESS,21871-4H100,21871-4H100,2WD MBR UPR AT,0,2WD MBR UPR AT,0.0,TQ,7.2,0,0,0,1,0,,
32340,2024-09-11 15:00,,103,1200TON PRESS,21871-4H100,21871-4H100,2WD MBR UPR AT,0,2WD MBR UPR AT,0.0,TQ,7.2,0,0,0,1,0,,
32449,2024-09-11 16:00,,103,1200TON PRESS,21871-4H100,21871-4H100,2WD MBR UPR AT,0,2WD MBR UPR AT,0.0,TQ,7.2,0,0,0,1,0,,
32639,2024-09-11 17:00,,103,1200TON PRESS,21871-4H100,21871-4H100,2WD MBR UPR AT,0,2WD MBR UPR AT,0.0,TQ,7.2,0,0,0,1,0,,
32855,2024-09-11 18:00,,103,1200TON PRESS,21871-4H100,21871-4H100,2WD MBR UPR AT,0,2WD MBR UPR AT,0.0,TQ,7.2,0,0,0,1,0,,
33150,2024-09-11 19:00,,103,1200TON PRESS,21871-4H100,21871-4H100,2WD MBR UPR AT,0,2WD MBR UPR AT,0.0,TQ,7.2,0,0,0,1,0,,
33258,2024-09-11 20:00,,103,1200TON PRESS,21871-4H100,21871-4H100,2WD MBR UPR AT,0,2WD MBR UPR AT,0.0,TQ,7.2,0,0,0,1,0,,
33586,2024-09-11 21:00,,103,1200TON PRESS,21871-4H100,21871-4H100,2WD MBR UPR AT,0,2WD MBR UPR AT,0.0,TQ,7.2,0,0,0,1,0,,
33806,2024-09-11 22:00,,103,1200TON PRESS,21871-4H100,21871-4H100,2WD MBR UPR AT,0,2WD MBR UPR AT,0.0,TQ,7.2,0,0,0,1,0,,
33856,2024-09-11 23:00,,103,1200TON PRESS,21871-4H100,21871-4H100,2WD MBR UPR AT,0,2WD MBR UPR AT,0.0,TQ,7.2,0,0,0,1,0,,
34118,2024-09-12 0:00,,103,1200TON PRESS,21871-4H100,21871-4H100,2WD MBR UPR AT,0,2WD MBR UPR AT,0.0,TQ,7.2,0,0,0,1,0,,
34251,2024-09-12 1:00,,103,1200TON PRESS,21871-4H100,21871-4H100,2WD MBR UPR AT,0,2WD MBR UPR AT,0.0,TQ,7.2,0,0,0,1,0,,
34465,2024-09-12 2:00,,103,1200TON PRESS,21871-4H100,21871-4H100,2WD MBR UPR AT,0,2WD MBR UPR AT,0.0,TQ,7.2,0,0,0,1,0,,
34673,2024-09-12 3:00,,103,1200TON PRESS,21871-4H100,21871-4H100,2WD MBR UPR AT,0,2WD MBR UPR AT,0.0,TQ,7.2,0,0,0,1,0,,
34828,2024-09-12 4:00,,103,1200TON PRESS,21871-4H100,21871-4H100,2WD MBR UPR AT,0,2WD MBR UPR AT,0.0,TQ,7.2,0,0,0,1,0,,
35027,2024-09-12 5:00,,103,1200TON PRESS,21871-4H100,21871-4H100,2WD MBR UPR AT,0,2WD MBR UPR AT,0.0,TQ,7.2,0,0,0,1,0,,
35240,2024-09-12 6:00,,103,1200TON PRESS,21871-4H100,21871-4H100,2WD MBR UPR AT,0,2WD MBR UPR AT,0.0,TQ,7.2,0,0,0,1,0,,
35443,2024-09-12 7:00,,103,1200TON PRESS,21871-4H100,21871-4H100,2WD MBR UPR AT,0,2WD MBR UPR AT,0.0,TQ,7.2,0,0,0,1,0,,
35624,2024-09-12 8:00,,103,1200TON PRESS,21871-4H100,21871-4H100,2WD MBR UPR AT,0,2WD MBR UPR AT,0.0,TQ,7.2,0,0,0,1,0,,
35881,2024-09-12 9:00,,103,1200TON PRESS,21871-4H100,21871-4H100,2WD MBR UPR AT,0,2WD MBR UPR AT,0.0,TQ,7.2,0,0,0,1,0,,
36173,2024-09-12 10:00,,103,1200TON PRESS,21871-4H100,21871-4H100,2WD MBR UPR AT,0,2WD MBR UPR AT,0.0,TQ,7.2,0,0,0,1,0,,
36221,2024-09-12 11:00,,103,1200TON PRESS,21871-4H100,21871-4H100,2WD MBR UPR AT,0,2WD MBR UPR AT,0.0,TQ,7.2,0,0,0,1,0,,
36420,2024-09-12 12:00,,103,1200TON PRESS,21871-4H100,21871-4H100,2WD MBR UPR AT,0,2WD MBR UPR AT,0.0,TQ,7.2,0,0,0,1,0,,
36702,2024-09-12 14:00,,103,1200TON PRESS,21871-4H100,21871-4H100,2WD MBR UPR AT,0,2WD MBR UPR AT,0.0,TQ,7.2,0,0,0,1,0,,
36848,2024-09-12 17:00,,103,1200TON PRESS,21871-4H100,21871-4H100,2WD MBR UPR AT,0,2WD MBR UPR AT,0.0,TQ,7.2,0,0,0,1,0,,
37037,2024-09-12 18:00,,103,1200TON PRESS,21871-4H100,21871-4H100,2WD MBR UPR AT,0,2WD MBR UPR AT,0.0,TQ,7.2,0,0,0,1,0,,
37257,2024-09-12 19:00,,103,1200TON PRESS,21871-4H100,21871-4H100,2WD MBR UPR AT,0,2WD MBR UPR AT,0.0,TQ,7.2,0,0,0,1,0,,
37431,2024-09-12 20:00,,103,1200TON PRESS,21871-4H100,21871-4H100,2WD MBR UPR AT,0,2WD MBR UPR AT,0.0,TQ,7.2,0,0,0,1,0,,
37628,2024-09-12 21:00,,103,1200TON PRESS,21871-4H100,21871-4H100,2WD MBR UPR AT,0,2WD MBR UPR AT,0.0,TQ,7.2,0,0,0,1,0,,
37822,2024-09-12 22:00,,103,1200TON PRESS,21871-4H100,21871-4H100,2WD MBR UPR AT,0,2WD MBR UPR AT,0.0,TQ,7.2,0,0,0,1,0,,
38034,2024-09-12 23:00,,103,1200TON PRESS,21871-4H100,21871-4H100,2WD MBR UPR AT,0,2WD MBR UPR AT,0.0,TQ,7.2,0,0,0,1,0,,
38276,2024-09-13 0:00,,103,1200TON PRESS,21871-4H100,21871-4H100,2WD MBR UPR AT,0,2WD MBR UPR AT,0.0,TQ,7.2,0,0,0,1,0,,
38445,2024-09-13 1:00,,103,1200TON PRESS,21871-4H100,21871-4H100,2WD MBR UPR AT,0,2WD MBR UPR AT,0.0,TQ,7.2,0,0,0,1,0,,
38618,2024-09-13 2:00,,103,1200TON PRESS,21871-4H100,21871-4H100,2WD MBR UPR AT,0,2WD MBR UPR AT,0.0,TQ,7.2,0,0,0,1,0,,
38958,2024-09-13 3:00,,103,1200TON PRESS,21871-4H100,21871-4H100,2WD MBR UPR AT,0,2WD MBR UPR AT,0.0,TQ,7.2,0,0,0,1,0,,
39023,2024-09-13 4:00,,103,1200TON PRESS,21871-4H100,21871-4H100,2WD MBR UPR AT,0,2WD MBR UPR AT,0.0,TQ,7.2,0,0,0,1,0,,
39259,2024-09-13 5:00,,103,1200TON PRESS,21871-4H100,21871-4H100,2WD MBR UPR AT,0,2WD MBR UPR AT,0.0,TQ,7.2,0,0,0,1,0,,
39467,2024-09-13 6:00,,103,1200TON PRESS,21871-4H100,21871-4H100,2WD MBR UPR AT,0,2WD MBR UPR AT,0.0,TQ,7.2,0,0,0,1,0,,
39704,2024-09-13 7:00,,103,1200TON PRESS,21871-4H100,21871-4H100,2WD MBR UPR AT,0,2WD MBR UPR AT,0.0,TQ,7.2,0,0,0,1,0,,
39889,2024-09-13 8:00,,103,1200TON PRESS,21871-4H100,21871-4H100,2WD MBR UPR AT,0,2WD MBR UPR AT,0.0,TQ,7.2,0,0,0,1,0,,
40097,2024-09-13 9:00,,103,1200TON PRESS,21871-4H100,21871-4H100,2WD MBR UPR AT,0,2WD MBR UPR AT,0.0,TQ,7.2,0,0,0,1,0,,
40222,2024-09-13 10:00,,103,1200TON PRESS,21871-4H100,21871-4H100,2WD MBR UPR AT,0,2WD MBR UPR AT,0.0,TQ,7.2,0,0,0,1,0,,
40458,2024-09-13 11:00,,103,1200TON PRESS,21871-4H100,21871-4H100,2WD MBR UPR AT,0,2WD MBR UPR AT,0.0,TQ,7.2,0,0,0,1,0,,
40612,2024-09-13 12:00,,103,1200TON PRESS,21871-4H100,21871-4H100,2WD MBR UPR AT,0,2WD MBR UPR AT,0.0,TQ,7.2,0,0,0,1,0,,
40821,2024-09-13 13:00,,103,1200TON PRESS,21871-4H100,21871-4H100,2WD MBR UPR AT,0,2WD MBR UPR AT,0.0,TQ,7.2,0,0,0,1,0,,
41134,2024-09-13 14:00,,103,1200TON PRESS,21871-4H100,21871-4H100,2WD MBR UPR AT,0,2WD MBR UPR AT,0.0,TQ,7.2,0,0,0,1,0,,
41248,2024-09-13 15:00,,103,1200TON PRESS,21871-4H100,21871-4H100,2WD MBR UPR AT,0,2WD MBR UPR AT,0.0,TQ,7.2,0,0,0,1,0,,
41407,2024-09-13 16:00,,103,1200TON PRESS,21871-4H100,21871-4H100,2WD MBR UPR AT,0,2WD MBR UPR AT,0.0,TQ,7.2,0,0,0,1,0,,
41638,2024-09-13 17:00,,103,1200TON PRESS,21871-4H100,21871-4H100,2WD MBR UPR AT,0,2WD MBR UPR AT,0.0,TQ,7.2,0,0,0,1,0,,
41948,2024-09-13 18:00,,103,1200TON PRESS,21871-4H100,21871-4H100,2WD MBR UPR AT,0,2WD MBR UPR AT,0.0,TQ,7.2,0,0,0,1,0,,
42067,2024-09-13 19:00,,103,1200TON PRESS,21871-4H100,21871-4H100,2WD MBR UPR AT,0,2WD MBR UPR AT,0.0,TQ,7.2,0,0,0,1,0,,
42191,2024-09-13 20:00,,103,1200TON PRESS,21871-4H100,21871-4H100,2WD MBR UPR AT,0,2WD MBR UPR AT,0.0,TQ,7.2,0,0,0,1,0,,
42570,2024-09-13 22:00,,103,1200TON PRESS,21871-4H100,21871-4H100,2WD MBR UPR AT,0,2WD MBR UPR AT,0.0,TQ,7.2,0,0,0,1,0,,
42748,2024-09-13 23:00,,103,1200TON PRESS,21871-4H100,21871-4H100,2WD MBR UPR AT,0,2WD MBR UPR AT,0.0,TQ,7.2,0,0,0,1,0,,
42897,2024-09-14 0:00,,103,1200TON PRESS,21871-4H100,21871-4H100,2WD MBR UPR AT,0,2WD MBR UPR AT,0.0,TQ,7.2,0,0,0,1,0,,
43168,2024-09-14 1:00,,103,1200TON PRESS,21871-4H100,21871-4H100,2WD MBR UPR AT,0,2WD MBR UPR AT,0.0,TQ,7.2,0,0,0,1,0,,
43287,2024-09-14 2:00,,103,1200TON PRESS,21871-4H100,21871-4H100,2WD MBR UPR AT,0,2WD MBR UPR AT,0.0,TQ,7.2,0,0,0,1,0,,
43462,2024-09-14 3:00,,103,1200TON PRESS,21871-4H100,21871-4H100,2WD MBR UPR AT,0,2WD MBR UPR AT,0.0,TQ,7.2,0,0,0,1,0,,
43627,2024-09-14 5:00,,103,1200TON PRESS,21871-4H100,21871-4H100,2WD MBR UPR AT,0,2WD MBR UPR AT,0.0,TQ,7.2,0,0,0,1,0,,
43788,2024-09-14 6:00,,103,1200TON PRESS,21871-4H100,21871-4H100,2WD MBR UPR AT,0,2WD MBR UPR AT,0.0,TQ,7.2,0,0,0,1,0,,
44129,2024-09-14 7:00,,103,1200TON PRESS,21871-4H100,21871-4H100,2WD MBR UPR AT,0,2WD MBR UPR AT,0.0,TQ,7.2,0,0,0,1,0,,
44190,2024-09-14 8:00,,103,1200TON PRESS,21871-4H100,21871-4H100,2WD MBR UPR AT,0,2WD MBR UPR AT,0.0,TQ,7.2,0,0,0,1,0,,
44400,2024-09-14 9:00,,103,1200TON PRESS,21871-4H100,21871-4H100,2WD MBR UPR AT,0,2WD MBR UPR AT,0.0,TQ,7.2,0,0,0,1,0,,
44615,2024-09-14 10:00,,103,1200TON PRESS,21871-4H100,21871-4H100,2WD MBR UPR AT,0,2WD MBR UPR AT,0.0,TQ,7.2,0,0,0,1,0,,
44813,2024-09-14 11:00,,103,1200TON PRESS,21871-4H100,21871-4H100,2WD MBR UPR AT,0,2WD MBR UPR AT,0.0,TQ,7.2,0,0,0,1,0,,
44993,2024-09-14 12:00,,103,1200TON PRESS,21871-4H100,21871-4H100,2WD MBR UPR AT,0,2WD MBR UPR AT,0.0,TQ,7.2,0,0,0,1,0,,
45228,2024-09-14 14:00,,103,1200TON PRESS,21871-4H100,21871-4H100,2WD MBR UPR AT,0,2WD MBR UPR AT,0.0,TQ,7.2,0,0,0,1,0,,
45392,2024-09-14 15:00,,103,1200TON PRESS,21871-4H100,21871-4H100,2WD MBR UPR AT,0,2WD MBR UPR AT,0.0,TQ,7.2,0,0,0,1,0,,
45688,2024-09-14 16:00,,103,1200TON PRESS,21871-4H100,21871-4H100,2WD MBR UPR AT,0,2WD MBR UPR AT,0.0,TQ,7.2,0,0,0,1,0,,
45821,2024-09-14 17:00,,103,1200TON PRESS,21871-4H100,21871-4H100,2WD MBR UPR AT,0,2WD MBR UPR AT,0.0,TQ,7.2,0,0,0,1,0,,
46003,2024-09-14 18:00,,103,1200TON PRESS,21871-4H100,21871-4H100,2WD MBR UPR AT,0,2WD MBR UPR AT,0.0,TQ,7.2,0,0,0,1,0,,
46171,2024-09-14 19:00,,103,1200TON PRESS,21871-4H100,21871-4H100,2WD MBR UPR AT,0,2WD MBR UPR AT,0.0,TQ,7.2,0,0,0,1,0,,
46375,2024-09-14 20:00,,103,1200TON PRESS,21871-4H100,21871-4H100,2WD MBR UPR AT,0,2WD MBR UPR AT,0.0,TQ,7.2,0,0,0,1,0,,
46586,2024-09-14 21:00,,103,1200TON PRESS,21871-4H100,21871-4H100,2WD MBR UPR AT,0,2WD MBR UPR AT,0.0,TQ,7.2,0,0,0,1,0,,
46789,2024-09-14 22:00,,103,1200TON PRESS,21871-4H100,21871-4H100,2WD MBR UPR AT,0,2WD MBR UPR AT,0.0,TQ,7.2,0,0,0,1,0,,
47023,2024-09-14 23:00,,103,1200TON PRESS,21871-4H100,21871-4H100,2WD MBR UPR AT,0,2WD MBR UPR AT,0.0,TQ,7.2,0,0,0,1,0,,
47219,2024-09-15 0:00,,103,1200TON PRESS,21871-4H100,21871-4H100,2WD MBR UPR AT,0,2WD MBR UPR AT,0.0,TQ,7.2,0,0,0,1,0,,
47370,2024-09-15 1:00,,103,1200TON PRESS,21871-4H100,21871-4H100,2WD MBR UPR AT,0,2WD MBR UPR AT,0.0,TQ,7.2,0,0,0,1,0,,
47589,2024-09-15 2:00,,103,1200TON PRESS,21871-4H100,21871-4H100,2WD MBR UPR AT,0,2WD MBR UPR AT,0.0,TQ,7.2,0,0,0,1,0,,
47952,2024-09-15 3:00,,103,1200TON PRESS,21871-4H100,21871-4H100,2WD MBR UPR AT,0,2WD MBR UPR AT,0.0,TQ,7.2,0,0,0,1,0,,
47984,2024-09-15 4:00,,103,1200TON PRESS,21871-4H100,21871-4H100,2WD MBR UPR AT,0,2WD MBR UPR AT,0.0,TQ,7.2,0,0,0,1,0,,
48170,2024-09-15 5:00,,103,1200TON PRESS,21871-4H100,21871-4H100,2WD MBR UPR AT,0,2WD MBR UPR AT,0.0,TQ,7.2,0,0,0,1,0,,
48365,2024-09-15 6:00,,103,1200TON PRESS,21871-4H100,21871-4H100,2WD MBR UPR AT,0,2WD MBR UPR AT,0.0,TQ,7.2,0,0,0,1,0,,
48590,2024-09-15 7:00,,103,1200TON PRESS,21871-4H100,21871-4H100,2WD MBR UPR AT,0,2WD MBR UPR AT,0.0,TQ,7.2,0,0,0,1,0,,
48838,2024-09-15 8:00,,103,1200TON PRESS,21871-4H100,21871-4H100,2WD MBR UPR AT,0,2WD MBR UPR AT,0.0,TQ,7.2,0,0,0,1,0,,
49000,2024-09-15 9:00,,103,1200TON PRESS,21871-4H100,21871-4H100,2WD MBR UPR AT,0,2WD MBR UPR AT,0.0,TQ,7.2,0,0,0,1,0,,
49212,2024-09-15 10:00,,103,1200TON PRESS,21871-4H100,21871-4H100,2WD MBR UPR AT,0,2WD MBR UPR AT,0.0,TQ,7.2,0,0,0,1,0,,
49369,2024-09-15 11:00,,103,1200TON PRESS,21871-4H100,21871-4H100,2WD MBR UPR AT,0,2WD MBR UPR AT,0.0,TQ,7.2,0,0,0,1,0,,
49682,2024-09-15 12:00,,103,1200TON PRESS,21871-4H100,21871-4H100,2WD MBR UPR AT,0,2WD MBR UPR AT,0.0,TQ,7.2,0,0,0,1,0,,
49762,2024-09-15 14:00,,103,1200TON PRESS,21871-4H100,21871-4H100,2WD MBR UPR AT,0,2WD MBR UPR AT,0.0,TQ,7.2,0,0,0,1,0,,
50036,2024-09-15 15:00,,103,1200TON PRESS,21871-4H100,21871-4H100,2WD MBR UPR AT,0,2WD MBR UPR AT,0.0,TQ,7.2,0,0,0,1,0,,
50156,2024-09-15 16:00,,103,1200TON PRESS,21871-4H100,21871-4H100,2WD MBR UPR AT,0,2WD MBR UPR AT,0.0,TQ,7.2,0,0,0,1,0,,
50364,2024-09-15 17:00,,103,1200TON PRESS,21871-4H100,21871-4H100,2WD MBR UPR AT,0,2WD MBR UPR AT,0.0,TQ,7.2,0,0,0,1,0,,
50567,2024-09-15 18:00,,103,1200TON PRESS,21871-4H100,21871-4H100,2WD MBR UPR AT,0,2WD MBR UPR AT,0.0,TQ,7.2,0,0,0,1,0,,
50819,2024-09-15 19:00,,103,1200TON PRESS,21871-4H100,21871-4H100,2WD MBR UPR AT,0,2WD MBR UPR AT,0.0,TQ,7.2,0,0,0,1,0,,
50956,2024-09-15 20:00,,103,1200TON PRESS,21871-4H100,21871-4H100,2WD MBR UPR AT,0,2WD MBR UPR AT,0.0,TQ,7.2,0,0,0,1,0,,
51249,2024-09-15 21:00,,103,1200TON PRESS,21871-4H100,21871-4H100,2WD MBR UPR AT,0,2WD MBR UPR AT,0.0,TQ,7.2,0,0,0,1,0,,
51401,2024-09-15 22:00,,103,1200TON PRESS,21871-4H100,21871-4H100,2WD MBR UPR AT,0,2WD MBR UPR AT,0.0,TQ,7.2,0,0,0,1,0,,
51593,2024-09-15 23:00,,103,1200TON PRESS,21871-4H100,21871-4H100,2WD MBR UPR AT,0,2WD MBR UPR AT,0.0,TQ,7.2,0,0,0,1,0,,
51764,2024-09-16 0:00,,103,1200TON PRESS,21871-4H100,21871-4H100,2WD MBR UPR AT,0,2WD MBR UPR AT,0.0,TQ,7.2,0,0,0,1,0,,
51942,2024-09-16 1:00,,103,1200TON PRESS,21871-4H100,21871-4H100,2WD MBR UPR AT,0,2WD MBR UPR AT,0.0,TQ,7.2,0,0,0,1,0,,
52191,2024-09-16 2:00,,103,1200TON PRESS,21871-4H100,21871-4H100,2WD MBR UPR AT,0,2WD MBR UPR AT,0.0,TQ,7.2,0,0,0,1,0,,
52340,2024-09-16 3:00,,103,1200TON PRESS,21871-4H100,21871-4H100,2WD MBR UPR AT,0,2WD MBR UPR AT,0.0,TQ,7.2,0,0,0,1,0,,
52617,2024-09-16 4:00,,103,1200TON PRESS,21871-4H100,21871-4H100,2WD MBR UPR AT,0,2WD MBR UPR AT,0.0,TQ,7.2,0,0,0,1,0,,
52747,2024-09-16 5:00,,103,1200TON PRESS,21871-4H100,21871-4H100,2WD MBR UPR AT,0,2WD MBR UPR AT,0.0,TQ,7.2,0,0,0,1,0,,
52937,2024-09-16 6:00,,103,1200TON PRESS,21871-4H100,21871-4H100,2WD MBR UPR AT,0,2WD MBR UPR AT,0.0,TQ,7.2,0,0,0,1,0,,
53154,2024-09-16 7:00,,103,1200TON PRESS,21871-4H100,21871-4H100,2WD MBR UPR AT,0,2WD MBR UPR AT,0.0,TQ,7.2,0,0,0,1,0,,
53409,2024-09-16 8:00,,103,1200TON PRESS,21871-4H100,21871-4H100,2WD MBR UPR AT,0,2WD MBR UPR AT,0.0,TQ,7.2,0,0,0,1,0,,
54539,2024-10-02 13:09,,103,1200TON PRESS,21871-4H100,21871-4H100,2WD MBR UPR AT,0,2WD MBR UPR AT,0.0,TQ,7.2,0,0,0,1,0,,
54736,2024-10-02 14:00,,103,1200TON PRESS,21871-4H100,21871-4H100,2WD MBR UPR AT,0,2WD MBR UPR AT,0.0,TQ,7.2,0,0,0,1,0,,
54941,2024-10-02 15:00,,103,1200TON PRESS,21871-4H100,21871-4H100,2WD MBR UPR AT,0,2WD MBR UPR AT,0.0,TQ,7.2,0,0,0,1,0,,
55103,2024-10-02 16:00,,103,1200TON PRESS,21871-4H100,21871-4H100,2WD MBR UPR AT,0,2WD MBR UPR AT,0.0,TQ,7.2,0,0,0,1,0,,
55256,2024-10-02 17:00,,103,1200TON PRESS,21871-4H100,21871-4H100,2WD MBR UPR AT,0,2WD MBR UPR AT,0.0,TQ,7.2,0,0,0,1,0,,
55404,2024-10-02 18:00,,103,1200TON PRESS,21871-4H100,21871-4H100,2WD MBR UPR AT,0,2WD MBR UPR AT,0.0,TQ,7.2,0,0,0,1,0,,
55760,2024-10-02 19:00,,103,1200TON PRESS,21871-4H100,21871-4H100,2WD MBR UPR AT,0,2WD MBR UPR AT,0.0,TQ,7.2,0,0,0,1,0,,
55807,2024-10-02 20:00,,103,1200TON PRESS,21871-4H100,21871-4H100,2WD MBR UPR AT,0,2WD MBR UPR AT,0.0,TQ,7.2,0,0,0,1,0,,
56015,2024-10-02 21:00,,103,1200TON PRESS,21871-4H100,21871-4H100,2WD MBR UPR AT,0,2WD MBR UPR AT,0.0,TQ,7.2,0,0,0,1,0,,
56222,2024-10-02 22:00,,103,1200TON PRESS,21871-4H100,21871-4H100,2WD MBR UPR AT,0,2WD MBR UPR AT,0.0,TQ,7.2,0,0,0,1,0,,
56448,2024-10-02 23:00,,103,1200TON PRESS,21871-4H100,21871-4H100,2WD MBR UPR AT,0,2WD MBR UPR AT,0.0,TQ,7.2,0,0,0,1,0,,
56709,2024-10-03 0:00,,103,1200TON PRESS,21871-4H100,21871-4H100,2WD MBR UPR AT,0,2WD MBR UPR AT,0.0,TQ,7.2,0,0,0,1,0,,
56811,2024-10-03 1:00,,103,1200TON PRESS,21871-4H100,21871-4H100,2WD MBR UPR AT,0,2WD MBR UPR AT,0.0,TQ,7.2,0,0,0,1,0,,
57001,2024-10-03 2:00,,103,1200TON PRESS,21871-4H100,21871-4H100,2WD MBR UPR AT,0,2WD MBR UPR AT,0.0,TQ,7.2,0,0,0,1,0,,
57235,2024-10-03 3:00,,103,1200TON PRESS,21871-4H100,21871-4H100,2WD MBR UPR AT,0,2WD MBR UPR AT,0.0,TQ,7.2,0,0,0,1,0,,
57563,2024-10-03 4:00,,103,1200TON PRESS,21871-4H100,21871-4H100,2WD MBR UPR AT,0,2WD MBR UPR AT,0.0,TQ,7.2,0,0,0,1,0,,
57607,2024-10-03 5:00,,103,1200TON PRESS,21871-4H100,21871-4H100,2WD MBR UPR AT,0,2WD MBR UPR AT,0.0,TQ,7.2,0,0,0,1,0,,
57820,2024-10-03 6:00,,103,1200TON PRESS,21871-4H100,21871-4H100,2WD MBR UPR AT,0,2WD MBR UPR AT,0.0,TQ,7.2,0,0,0,1,0,,
58013,2024-10-03 7:00,,103,1200TON PRESS,21871-4H100,21871-4H100,2WD MBR UPR AT,0,2WD MBR UPR AT,0.0,TQ,7.2,0,0,0,1,0,,
58234,2024-10-03 8:00,,103,1200TON PRESS,21871-4H100,21871-4H100,2WD MBR UPR AT,0,2WD MBR UPR AT,0.0,TQ,7.2,0,0,0,1,0,,
58462,2024-10-03 9:00,,103,1200TON PRESS,21871-4H100,21871-4H100,2WD MBR UPR AT,0,2WD MBR UPR AT,0.0,TQ,7.2,0,0,0,1,0,,
58588,2024-10-03 10:00,,103,1200TON PRESS,21871-4H100,21871-4H100,2WD MBR UPR AT,0,2WD MBR UPR AT,0.0,TQ,7.2,0,0,0,1,0,,
58816,2024-10-03 11:00,,103,1200TON PRESS,21871-4H100,21871-4H100,2WD MBR UPR AT,0,2WD MBR UPR AT,0.0,TQ,7.2,0,0,0,1,0,,
59024,2024-10-03 12:00,,103,1200TON PRESS,21871-4H100,21871-4H100,2WD MBR UPR AT,0,2WD MBR UPR AT,0.0,TQ,7.2,0,0,0,1,0,,
59274,2024-10-03 13:00,,103,1200TON PRESS,21871-4H100,21871-4H100,2WD MBR UPR AT,0,2WD MBR UPR AT,0.0,TQ,7.2,0,0,0,1,0,,
59532,2024-10-03 14:00,,103,1200TON PRESS,21871-4H100,21871-4H100,2WD MBR UPR AT,0,2WD MBR UPR AT,0.0,TQ,7.2,0,0,0,1,0,,
59603,2024-10-03 15:00,,103,1200TON PRESS,21871-4H100,21871-4H100,2WD MBR UPR AT,0,2WD MBR UPR AT,0.0,TQ,7.2,0,0,0,1,0,,
59882,2024-10-03 16:00,,103,1200TON PRESS,21871-4H100,21871-4H100,2WD MBR UPR AT,0,2WD MBR UPR AT,0.0,TQ,7.2,0,0,0,1,0,,
60007,2024-10-03 17:00,,103,1200TON PRESS,21871-4H100,21871-4H100,2WD MBR UPR AT,0,2WD MBR UPR AT,0.0,TQ,7.2,0,0,0,1,0,,
60209,2024-10-03 18:00,,103,1200TON PRESS,21871-4H100,21871-4H100,2WD MBR UPR AT,0,2WD MBR UPR AT,0.0,TQ,7.2,0,0,0,1,0,,
60393,2024-10-03 19:00,,103,1200TON PRESS,21871-4H100,21871-4H100,2WD MBR UPR AT,0,2WD MBR UPR AT,0.0,TQ,7.2,0,0,0,1,0,,
60593,2024-10-03 20:00,,103,1200TON PRESS,21871-4H100,21871-4H100,2WD MBR UPR AT,0,2WD MBR UPR AT,0.0,TQ,7.2,0,0,0,1,0,,
60786,2024-10-03 21:00,,103,1200TON PRESS,21871-4H100,21871-4H100,2WD MBR UPR AT,0,2WD MBR UPR AT,0.0,TQ,7.2,0,0,0,1,0,,
61036,2024-10-03 22:00,,103,1200TON PRESS,21871-4H100,21871-4H100,2WD MBR UPR AT,0,2WD MBR UPR AT,0.0,TQ,7.2,0,0,0,1,0,,
61184,2024-10-03 23:00,,103,1200TON PRESS,21871-4H100,21871-4H100,2WD MBR UPR AT,0,2WD MBR UPR AT,0.0,TQ,7.2,0,0,0,1,0,,
61478,2024-10-04 0:00,,103,1200TON PRESS,21871-4H100,21871-4H100,2WD MBR UPR AT,0,2WD MBR UPR AT,0.0,TQ,7.2,0,0,0,1,0,,
61681,2024-10-04 1:00,,103,1200TON PRESS,21871-4H100,21871-4H100,2WD MBR UPR AT,0,2WD MBR UPR AT,0.0,TQ,7.2,0,0,0,1,0,,
61794,2024-10-04 2:00,,103,1200TON PRESS,21871-4H100,21871-4H100,2WD MBR UPR AT,0,2WD MBR UPR AT,0.0,TQ,7.2,0,0,0,1,0,,
62065,2024-10-04 3:00,,103,1200TON PRESS,21871-4H100,21871-4H100,2WD MBR UPR AT,0,2WD MBR UPR AT,0.0,TQ,7.2,0,0,0,1,0,,
62270,2024-10-04 4:00,,103,1200TON PRESS,21871-4H100,21871-4H100,2WD MBR UPR AT,0,2WD MBR UPR AT,0.0,TQ,7.2,0,0,0,1,0,,
62461,2024-10-04 5:00,,103,1200TON PRESS,21871-4H100,21871-4H100,2WD MBR UPR AT,0,2WD MBR UPR AT,0.0,TQ,7.2,0,0,0,1,0,,
62590,2024-10-04 6:00,,103,1200TON PRESS,21871-4H100,21871-4H100,2WD MBR UPR AT,0,2WD MBR UPR AT,0.0,TQ,7.2,0,0,0,1,0,,
62784,2024-10-04 7:00,,103,1200TON PRESS,21871-4H100,21871-4H100,2WD MBR UPR AT,0,2WD MBR UPR AT,0.0,TQ,7.2,0,0,0,1,0,,
63026,2024-10-04 8:00,,103,1200TON PRESS,21871-4H100,21871-4H100,2WD MBR UPR AT,0,2WD MBR UPR AT,0.0,TQ,7.2,0,0,0,1,0,,
63264,2024-10-04 9:00,,103,1200TON PRESS,21871-4H100,21871-4H100,2WD MBR UPR AT,0,2WD MBR UPR AT,0.0,TQ,7.2,0,0,0,1,0,,
63482,2024-10-04 10:00,,103,1200TON PRESS,21871-4H100,21871-4H100,2WD MBR UPR AT,0,2WD MBR UPR AT,0.0,TQ,7.2,0,0,0,1,0,,
63730,2024-10-04 11:00,,103,1200TON PRESS,21871-4H100,21871-4H100,2WD MBR UPR AT,0,2WD MBR UPR AT,0.0,TQ,7.2,0,0,0,1,0,,
63762,2024-10-04 12:00,,103,1200TON PRESS,21871-4H100,21871-4H100,2WD MBR UPR AT,0,2WD MBR UPR AT,0.0,TQ,7.2,0,0,0,1,0,,
64040,2024-10-04 13:00,,103,1200TON PRESS,21871-4H100,21871-4H100,2WD MBR UPR AT,0,2WD MBR UPR AT,0.0,TQ,7.2,0,0,0,1,0,,
64235,2024-10-04 14:00,,103,1200TON PRESS,21871-4H100,21871-4H100,2WD MBR UPR AT,0,2WD MBR UPR AT,0.0,TQ,7.2,0,0,0,1,0,,
64404,2024-10-04 15:00,,103,1200TON PRESS,21871-4H100,21871-4H100,2WD MBR UPR AT,0,2WD MBR UPR AT,0.0,TQ,7.2,0,0,0,1,0,,
64666,2024-10-04 16:00,,103,1200TON PRESS,21871-4H100,21871-4H100,2WD MBR UPR AT,0,2WD MBR UPR AT,0.0,TQ,7.2,0,0,0,1,0,,
64771,2024-10-04 17:00,,103,1200TON PRESS,21871-4H100,21871-4H100,2WD MBR UPR AT,0,2WD MBR UPR AT,0.0,TQ,7.2,0,0,0,1,0,,
64956,2024-10-04 18:00,,103,1200TON PRESS,21871-4H100,21871-4H100,2WD MBR UPR AT,0,2WD MBR UPR AT,0.0,TQ,7.2,0,0,0,1,0,,
65327,2024-10-04 19:00,,103,1200TON PRESS,21871-4H100,21871-4H100,2WD MBR UPR AT,0,2WD MBR UPR AT,0.0,TQ,7.2,0,0,0,1,0,,
65378,2024-10-04 20:00,,103,1200TON PRESS,21871-4H100,21871-4H100,2WD MBR UPR AT,0,2WD MBR UPR AT,0.0,TQ,7.2,0,0,0,1,0,,
65553,2024-10-04 21:00,,103,1200TON PRESS,21871-4H100,21871-4H100,2WD MBR UPR AT,0,2WD MBR UPR AT,0.0,TQ,7.2,0,0,0,1,0,,
65766,2024-10-04 22:00,,103,1200TON PRESS,21871-4H100,21871-4H100,2WD MBR UPR AT,0,2WD MBR UPR AT,0.0,TQ,7.2,0,0,0,1,0,,
65956,2024-10-04 23:00,,103,1200TON PRESS,21871-4H100,21871-4H100,2WD MBR UPR AT,0,2WD MBR UPR AT,0.0,TQ,7.2,0,0,0,1,0,,
66296,2024-10-05 0:00,,103,1200TON PRESS,21871-4H100,21871-4H100,2WD MBR UPR AT,0,2WD MBR UPR AT,0.0,TQ,7.2,0,0,0,1,0,,
66349,2024-10-05 1:00,,103,1200TON PRESS,21871-4H100,21871-4H100,2WD MBR UPR AT,0,2WD MBR UPR AT,0.0,TQ,7.2,0,0,0,1,0,,
66557,2024-10-05 2:00,,103,1200TON PRESS,21871-4H100,21871-4H100,2WD MBR UPR AT,0,2WD MBR UPR AT,0.0,TQ,7.2,0,0,0,1,0,,
66765,2024-10-05 3:00,,103,1200TON PRESS,21871-4H100,21871-4H100,2WD MBR UPR AT,0,2WD MBR UPR AT,0.0,TQ,7.2,0,0,0,1,0,,
66951,2024-10-05 4:00,,103,1200TON PRESS,21871-4H100,21871-4H100,2WD MBR UPR AT,0,2WD MBR UPR AT,0.0,TQ,7.2,0,0,0,1,0,,
67143,2024-10-05 5:00,,103,1200TON PRESS,21871-4H100,21871-4H100,2WD MBR UPR AT,0,2WD MBR UPR AT,0.0,TQ,7.2,0,0,0,1,0,,
67423,2024-10-05 6:00,,103,1200TON PRESS,21871-4H100,21871-4H100,2WD MBR UPR AT,0,2WD MBR UPR AT,0.0,TQ,7.2,0,0,0,1,0,,
67543,2024-10-05 7:00,,103,1200TON PRESS,21871-4H100,21871-4H100,2WD MBR UPR AT,0,2WD MBR UPR AT,0.0,TQ,7.2,0,0,0,1,0,,
67831,2024-10-05 8:00,,103,1200TON PRESS,21871-4H100,21871-4H100,2WD MBR UPR AT,0,2WD MBR UPR AT,0.0,TQ,7.2,0,0,0,1,0,,
67962,2024-10-05 9:00,,103,1200TON PRESS,21871-4H100,21871-4H100,2WD MBR UPR AT,0,2WD MBR UPR AT,0.0,TQ,7.2,0,0,0,1,0,,
68222,2024-10-05 10:00,,103,1200TON PRESS,21871-4H100,21871-4H100,2WD MBR UPR AT,0,2WD MBR UPR AT,0.0,TQ,7.2,0,0,0,1,0,,
68351,2024-10-05 11:00,,103,1200TON PRESS,21871-4H100,21871-4H100,2WD MBR UPR AT,0,2WD MBR UPR AT,0.0,TQ,7.2,0,0,0,1,0,,
68648,2024-10-05 12:00,,103,1200TON PRESS,21871-4H100,21871-4H100,2WD MBR UPR AT,0,2WD MBR UPR AT,0.0,TQ,7.2,0,0,0,1,0,,
68779,2024-10-05 13:00,,103,1200TON PRESS,21871-4H100,21871-4H100,2WD MBR UPR AT,0,2WD MBR UPR AT,0.0,TQ,7.2,0,0,0,1,0,,
68963,2024-10-05 14:00,,103,1200TON PRESS,21871-4H100,21871-4H100,2WD MBR UPR AT,0,2WD MBR UPR AT,0.0,TQ,7.2,0,0,0,1,0,,
69151,2024-10-05 15:00,,103,1200TON PRESS,21871-4H100,21871-4H100,2WD MBR UPR AT,0,2WD MBR UPR AT,0.0,TQ,7.2,0,0,0,1,0,,
69366,2024-10-05 16:00,,103,1200TON PRESS,21871-4H100,21871-4H100,2WD MBR UPR AT,0,2WD MBR UPR AT,0.0,TQ,7.2,0,0,0,1,0,,
69555,2024-10-05 17:00,,103,1200TON PRESS,21871-4H100,21871-4H100,2WD MBR UPR AT,0,2WD MBR UPR AT,0.0,TQ,7.2,0,0,0,1,0,,
69732,2024-10-05 18:00,,103,1200TON PRESS,21871-4H100,21871-4H100,2WD MBR UPR AT,0,2WD MBR UPR AT,0.0,TQ,7.2,0,0,0,1,0,,
69977,2024-10-05 19:00,,103,1200TON PRESS,21871-4H100,21871-4H100,2WD MBR UPR AT,0,2WD MBR UPR AT,0.0,TQ,7.2,0,0,0,1,0,,
70247,2024-10-05 20:00,,103,1200TON PRESS,21871-4H100,21871-4H100,2WD MBR UPR AT,0,2WD MBR UPR AT,0.0,TQ,7.2,0,0,0,1,0,,
70387,2024-10-05 21:00,,103,1200TON PRESS,21871-4H100,21871-4H100,2WD MBR UPR AT,0,2WD MBR UPR AT,0.0,TQ,7.2,0,0,0,1,0,,
70678,2024-10-05 22:00,,103,1200TON PRESS,21871-4H100,21871-4H100,2WD MBR UPR AT,0,2WD MBR UPR AT,0.0,TQ,7.2,0,0,0,1,0,,
70780,2024-10-05 23:00,,103,1200TON PRESS,21871-4H100,21871-4H100,2WD MBR UPR AT,0,2WD MBR UPR AT,0.0,TQ,7.2,0,0,0,1,0,,
70985,2024-10-06 0:00,,103,1200TON PRESS,21871-4H100,21871-4H100,2WD MBR UPR AT,0,2WD MBR UPR AT,0.0,TQ,7.2,0,0,0,1,0,,
71269,2024-10-06 1:00,,103,1200TON PRESS,21871-4H100,21871-4H100,2WD MBR UPR AT,0,2WD MBR UPR AT,0.0,TQ,7.2,0,0,0,1,0,,
71378,2024-10-06 2:00,,103,1200TON PRESS,21871-4H100,21871-4H100,2WD MBR UPR AT,0,2WD MBR UPR AT,0.0,TQ,7.2,0,0,0,1,0,,
71523,2024-10-06 3:00,,103,1200TON PRESS,21871-4H100,21871-4H100,2WD MBR UPR AT,0,2WD MBR UPR AT,0.0,TQ,7.2,0,0,0,1,0,,
71765,2024-10-06 4:00,,103,1200TON PRESS,21871-4H100,21871-4H100,2WD MBR UPR AT,0,2WD MBR UPR AT,0.0,TQ,7.2,0,0,0,1,0,,
71951,2024-10-06 5:00,,103,1200TON PRESS,21871-4H100,21871-4H100,2WD MBR UPR AT,0,2WD MBR UPR AT,0.0,TQ,7.2,0,0,0,1,0,,
72174,2024-10-06 6:00,,103,1200TON PRESS,21871-4H100,21871-4H100,2WD MBR UPR AT,0,2WD MBR UPR AT,0.0,TQ,7.2,0,0,0,1,0,,
72319,2024-10-06 7:00,,103,1200TON PRESS,21871-4H100,21871-4H100,2WD MBR UPR AT,0,2WD MBR UPR AT,0.0,TQ,7.2,0,0,0,1,0,,
72523,2024-10-06 9:00,,103,1200TON PRESS,21871-4H100,21871-4H100,2WD MBR UPR AT,0,2WD MBR UPR AT,0.0,TQ,7.2,0,0,0,1,0,,
72731,2024-10-06 10:00,,103,1200TON PRESS,21871-4H100,21871-4H100,2WD MBR UPR AT,0,2WD MBR UPR AT,0.0,TQ,7.2,0,0,0,1,0,,
72942,2024-10-06 11:00,,103,1200TON PRESS,21871-4H100,21871-4H100,2WD MBR UPR AT,0,2WD MBR UPR AT,0.0,TQ,7.2,0,0,0,1,0,,
73149,2024-10-06 12:00,,103,1200TON PRESS,21871-4H100,21871-4H100,2WD MBR UPR AT,0,2WD MBR UPR AT,0.0,TQ,7.2,0,0,0,1,0,,
73344,2024-10-06 13:00,,103,1200TON PRESS,21871-4H100,21871-4H100,2WD MBR UPR AT,0,2WD MBR UPR AT,0.0,TQ,7.2,0,0,0,1,0,,
73529,2024-10-06 14:00,,103,1200TON PRESS,21871-4H100,21871-4H100,2WD MBR UPR AT,0,2WD MBR UPR AT,0.0,TQ,7.2,0,0,0,1,0,,
73728,2024-10-06 15:00,,103,1200TON PRESS,21871-4H100,21871-4H100,2WD MBR UPR AT,0,2WD MBR UPR AT,0.0,TQ,7.2,0,0,0,1,0,,
73976,2024-10-06 16:00,,103,1200TON PRESS,21871-4H100,21871-4H100,2WD MBR UPR AT,0,2WD MBR UPR AT,0.0,TQ,7.2,0,0,0,1,0,,
74144,2024-10-06 17:00,,103,1200TON PRESS,21871-4H100,21871-4H100,2WD MBR UPR AT,0,2WD MBR UPR AT,0.0,TQ,7.2,0,0,0,1,0,,
74332,2024-10-06 18:00,,103,1200TON PRESS,21871-4H100,21871-4H100,2WD MBR UPR AT,0,2WD MBR UPR AT,0.0,TQ,7.2,0,0,0,1,0,,
74517,2024-10-06 19:00,,103,1200TON PRESS,21871-4H100,21871-4H100,2WD MBR UPR AT,0,2WD MBR UPR AT,0.0,TQ,7.2,0,0,0,1,0,,
74784,2024-10-06 20:00,,103,1200TON PRESS,21871-4H100,21871-4H100,2WD MBR UPR AT,0,2WD MBR UPR AT,0.0,TQ,7.2,0,0,0,1,0,,
74974,2024-10-06 21:00,,103,1200TON PRESS,21871-4H100,21871-4H100,2WD MBR UPR AT,0,2WD MBR UPR AT,0.0,TQ,7.2,0,0,0,1,0,,
75145,2024-10-06 22:00,,103,1200TON PRESS,21871-4H100,21871-4H100,2WD MBR UPR AT,0,2WD MBR UPR AT,0.0,TQ,7.2,0,0,0,1,0,,
75353,2024-10-06 23:00,,103,1200TON PRESS,21871-4H100,21871-4H100,2WD MBR UPR AT,0,2WD MBR UPR AT,0.0,TQ,7.2,0,0,0,1,0,,
75512,2024-10-07 0:00,,103,1200TON PRESS,21871-4H100,21871-4H100,2WD MBR UPR AT,0,2WD MBR UPR AT,0.0,TQ,7.2,0,0,0,1,0,,
75733,2024-10-07 1:00,,103,1200TON PRESS,21871-4H100,21871-4H100,2WD MBR UPR AT,0,2WD MBR UPR AT,0.0,TQ,7.2,0,0,0,1,0,,
75909,2024-10-07 2:00,,103,1200TON PRESS,21871-4H100,21871-4H100,2WD MBR UPR AT,0,2WD MBR UPR AT,0.0,TQ,7.2,0,0,0,1,0,,
76149,2024-10-07 3:00,,103,1200TON PRESS,21871-4H100,21871-4H100,2WD MBR UPR AT,0,2WD MBR UPR AT,0.0,TQ,7.2,0,0,0,1,0,,
76308,2024-10-07 4:00,,103,1200TON PRESS,21871-4H100,21871-4H100,2WD MBR UPR AT,0,2WD MBR UPR AT,0.0,TQ,7.2,0,0,0,1,0,,
76515,2024-10-07 5:00,,103,1200TON PRESS,21871-4H100,21871-4H100,2WD MBR UPR AT,0,2WD MBR UPR AT,0.0,TQ,7.2,0,0,0,1,0,,
76835,2024-10-07 6:00,,103,1200TON PRESS,21871-4H100,21871-4H100,2WD MBR UPR AT,0,2WD MBR UPR AT,0.0,TQ,7.2,0,0,0,1,0,,
76926,2024-10-07 7:00,,103,1200TON PRESS,21871-4H100,21871-4H100,2WD MBR UPR AT,0,2WD MBR UPR AT,0.0,TQ,7.2,0,0,0,1,0,,
77205,2024-10-07 8:00,,103,1200TON PRESS,21871-4H100,21871-4H100,2WD MBR UPR AT,0,2WD MBR UPR AT,0.0,TQ,7.2,0,0,0,1,0,,
77382,2024-10-07 9:00,,103,1200TON PRESS,21871-4H100,21871-4H100,2WD MBR UPR AT,0,2WD MBR UPR AT,0.0,TQ,7.2,0,0,0,1,0,,
77515,2024-10-07 10:00,,103,1200TON PRESS,21871-4H100,21871-4H100,2WD MBR UPR AT,0,2WD MBR UPR AT,0.0,TQ,7.2,0,0,0,1,0,,
77733,2024-10-07 11:00,,103,1200TON PRESS,21871-4H100,21871-4H100,2WD MBR UPR AT,0,2WD MBR UPR AT,0.0,TQ,7.2,0,0,0,1,0,,
77961,2024-10-07 12:00,,103,1200TON PRESS,21871-4H100,21871-4H100,2WD MBR UPR AT,0,2WD MBR UPR AT,0.0,TQ,7.2,0,0,0,1,0,,
78270,2024-10-07 13:00,,103,1200TON PRESS,21871-4H100,21871-4H100,2WD MBR UPR AT,0,2WD MBR UPR AT,0.0,TQ,7.2,0,0,0,1,0,,
78346,2024-10-07 14:00,,103,1200TON PRESS,21871-4H100,21871-4H100,2WD MBR UPR AT,0,2WD MBR UPR AT,0.0,TQ,7.2,0,0,0,1,0,,
78677,2024-10-07 15:00,,103,1200TON PRESS,21871-4H100,21871-4H100,2WD MBR UPR AT,0,2WD MBR UPR AT,0.0,TQ,7.2,0,0,0,1,0,,
78704,2024-10-07 16:00,,103,1200TON PRESS,21871-4H100,21871-4H100,2WD MBR UPR AT,0,2WD MBR UPR AT,0.0,TQ,7.2,0,0,0,1,0,,
78899,2024-10-07 17:00,,103,1200TON PRESS,21871-4H100,21871-4H100,2WD MBR UPR AT,0,2WD MBR UPR AT,0.0,TQ,7.2,0,0,0,1,0,,
79094,2024-10-07 18:00,,103,1200TON PRESS,21871-4H100,21871-4H100,2WD MBR UPR AT,0,2WD MBR UPR AT,0.0,TQ,7.2,0,0,0,1,0,,
79293,2024-10-07 19:00,,103,1200TON PRESS,21871-4H100,21871-4H100,2WD MBR UPR AT,0,2WD MBR UPR AT,0.0,TQ,7.2,0,0,0,1,0,,
79501,2024-10-07 20:00,,103,1200TON PRESS,21871-4H100,21871-4H100,2WD MBR UPR AT,0,2WD MBR UPR AT,0.0,TQ,7.2,0,0,0,1,0,,
79703,2024-10-07 21:00,,103,1200TON PRESS,21871-4H100,21871-4H100,2WD MBR UPR AT,0,2WD MBR UPR AT,0.0,TQ,7.2,0,0,0,1,0,,
79895,2024-10-07 22:00,,103,1200TON PRESS,21871-4H100,21871-4H100,2WD MBR UPR AT,0,2WD MBR UPR AT,0.0,TQ,7.2,0,0,0,1,0,,
80130,2024-10-07 23:00,,103,1200TON PRESS,21871-4H100,21871-4H100,2WD MBR UPR AT,0,2WD MBR UPR AT,0.0,TQ,7.2,0,0,0,1,0,,
80308,2024-10-08 0:00,,103,1200TON PRESS,21871-4H100,21871-4H100,2WD MBR UPR AT,0,2WD MBR UPR AT,0.0,TQ,7.2,0,0,0,1,0,,
80538,2024-10-08 1:00,,103,1200TON PRESS,21871-4H100,21871-4H100,2WD MBR UPR AT,0,2WD MBR UPR AT,0.0,TQ,7.2,0,0,0,1,0,,
80691,2024-10-08 2:00,,103,1200TON PRESS,21871-4H100,21871-4H100,2WD MBR UPR AT,0,2WD MBR UPR AT,0.0,TQ,7.2,0,0,0,1,0,,
80876,2024-10-08 3:00,,103,1200TON PRESS,21871-4H100,21871-4H100,2WD MBR UPR AT,0,2WD MBR UPR AT,0.0,TQ,7.2,0,0,0,1,0,,
81080,2024-10-08 4:00,,103,1200TON PRESS,21871-4H100,21871-4H100,2WD MBR UPR AT,0,2WD MBR UPR AT,0.0,TQ,7.2,0,0,0,1,0,,
81307,2024-10-08 5:00,,103,1200TON PRESS,21871-4H100,21871-4H100,2WD MBR UPR AT,0,2WD MBR UPR AT,0.0,TQ,7.2,0,0,0,1,0,,
81473,2024-10-08 6:01,,103,1200TON PRESS,21871-4H100,21871-4H100,2WD MBR UPR AT,0,2WD MBR UPR AT,0.0,TQ,7.2,0,0,0,1,0,,
81702,2024-10-08 7:00,,103,1200TON PRESS,21871-4H100,21871-4H100,2WD MBR UPR AT,0,2WD MBR UPR AT,0.0,TQ,7.2,0,0,0,1,0,,
81892,2024-10-08 8:00,,103,1200TON PRESS,21871-4H100,21871-4H100,2WD MBR UPR AT,0,2WD MBR UPR AT,0.0,TQ,7.2,0,0,0,1,0,,
82099,2024-10-08 9:00,,103,1200TON PRESS,21871-4H100,21871-4H100,2WD MBR UPR AT,0,2WD MBR UPR AT,0.0,TQ,7.2,0,0,0,1,0,,
82344,2024-10-08 10:00,,103,1200TON PRESS,21871-4H100,21871-4H100,2WD MBR UPR AT,0,2WD MBR UPR AT,0.0,TQ,7.2,0,0,0,1,0,,
82520,2024-10-08 11:00,,103,1200TON PRESS,21871-4H100,21871-4H100,2WD MBR UPR AT,0,2WD MBR UPR AT,0.0,TQ,7.2,0,0,0,1,0,,
82707,2024-10-08 13:00,,103,1200TON PRESS,21871-4H100,21871-4H100,2WD MBR UPR AT,0,2WD MBR UPR AT,0.0,TQ,7.2,0,0,0,1,0,,
82875,2024-10-08 14:00,,103,1200TON PRESS,21871-4H100,21871-4H100,2WD MBR UPR AT,0,2WD MBR UPR AT,0.0,TQ,7.2,0,0,0,1,0,,
83083,2024-10-08 15:00,,103,1200TON PRESS,21871-4H100,21871-4H100,2WD MBR UPR AT,0,2WD MBR UPR AT,0.0,TQ,7.2,0,0,0,1,0,,
83271,2024-10-08 16:00,,103,1200TON PRESS,21871-4H100,21871-4H100,2WD MBR UPR AT,0,2WD MBR UPR AT,0.0,TQ,7.2,0,0,0,1,0,,
83497,2024-10-08 17:00,,103,1200TON PRESS,21871-4H100,21871-4H100,2WD MBR UPR AT,0,2WD MBR UPR AT,0.0,TQ,7.2,0,0,0,1,0,,
83745,2024-10-08 18:00,,103,1200TON PRESS,21871-4H100,21871-4H100,2WD MBR UPR AT,0,2WD MBR UPR AT,0.0,TQ,7.2,0,0,0,1,0,,
83893,2024-10-08 19:00,,103,1200TON PRESS,21871-4H100,21871-4H100,2WD MBR UPR AT,0,2WD MBR UPR AT,0.0,TQ,7.2,0,0,0,1,0,,
84060,2024-10-08 20:00,,103,1200TON PRESS,21871-4H100,21871-4H100,2WD MBR UPR AT,0,2WD MBR UPR AT,0.0,TQ,7.2,0,0,0,1,0,,
84264,2024-10-08 21:00,,103,1200TON PRESS,21871-4H100,21871-4H100,2WD MBR UPR AT,0,2WD MBR UPR AT,0.0,TQ,7.2,0,0,0,1,0,,
84458,2024-10-08 22:00,,103,1200TON PRESS,21871-4H100,21871-4H100,2WD MBR UPR AT,0,2WD MBR UPR AT,0.0,TQ,7.2,0,0,0,1,0,,
84701,2024-10-08 23:00,,103,1200TON PRESS,21871-4H100,21871-4H100,2WD MBR UPR AT,0,2WD MBR UPR AT,0.0,TQ,7.2,0,0,0,1,0,,
84899,2024-10-09 0:00,,103,1200TON PRESS,21871-4H100,21871-4H100,2WD MBR UPR AT,0,2WD MBR UPR AT,0.0,TQ,7.2,0,0,0,1,0,,
85169,2024-10-09 2:00,,103,1200TON PRESS,21871-4H100,21871-4H100,2WD MBR UPR AT,0,2WD MBR UPR AT,0.0,TQ,7.2,0,0,0,1,0,,
85259,2024-10-09 3:00,,103,1200TON PRESS,21871-4H100,21871-4H100,2WD MBR UPR AT,0,2WD MBR UPR AT,0.0,TQ,7.2,0,0,0,1,0,,
85467,2024-10-09 4:00,,103,1200TON PRESS,21871-4H100,21871-4H100,2WD MBR UPR AT,0,2WD MBR UPR AT,0.0,TQ,7.2,0,0,0,1,0,,
85668,2024-10-09 5:00,,103,1200TON PRESS,21871-4H100,21871-4H100,2WD MBR UPR AT,0,2WD MBR UPR AT,0.0,TQ,7.2,0,0,0,1,0,,
85911,2024-10-10 18:00,,103,1200TON PRESS,21871-4H100,21871-4H100,2WD MBR UPR AT,0,2WD MBR UPR AT,0.0,TQ,7.2,0,0,0,1,0,,
86055,2024-10-10 19:00,,103,1200TON PRESS,21871-4H100,21871-4H100,2WD MBR UPR AT,0,2WD MBR UPR AT,0.0,TQ,7.2,0,0,0,1,0,,
86265,2024-10-10 20:00,,103,1200TON PRESS,21871-4H100,21871-4H100,2WD MBR UPR AT,0,2WD MBR UPR AT,0.0,TQ,7.2,0,0,0,1,0,,
86510,2024-10-10 21:00,,103,1200TON PRESS,21871-4H100,21871-4H100,2WD MBR UPR AT,0,2WD MBR UPR AT,0.0,TQ,7.2,0,0,0,1,0,,
86749,2024-10-10 22:00,,103,1200TON PRESS,21871-4H100,21871-4H100,2WD MBR UPR AT,0,2WD MBR UPR AT,0.0,TQ,7.2,0,0,0,1,0,,
86846,2024-10-11 2:00,,103,1200TON PRESS,21871-4H100,21871-4H100,2WD MBR UPR AT,0,2WD MBR UPR AT,0.0,TQ,7.2,0,0,0,1,0,,
87098,2024-10-11 3:00,,103,1200TON PRESS,21871-4H100,21871-4H100,2WD MBR UPR AT,0,2WD MBR UPR AT,0.0,TQ,7.2,0,0,0,1,0,,
87256,2024-10-11 4:00,,103,1200TON PRESS,21871-4H100,21871-4H100,2WD MBR UPR AT,0,2WD MBR UPR AT,0.0,TQ,7.2,0,0,0,1,0,,
87566,2024-10-11 5:00,,103,1200TON PRESS,21871-4H100,21871-4H100,2WD MBR UPR AT,0,2WD MBR UPR AT,0.0,TQ,7.2,0,0,0,1,0,,
87788,2024-10-11 8:00,,103,1200TON PRESS,21871-4H100,21871-4H100,2WD MBR UPR AT,0,2WD MBR UPR AT,0.0,TQ,7.2,0,0,0,1,0,,
87922,2024-10-11 9:49,,103,1200TON PRESS,21871-4H100,21871-4H100,2WD MBR UPR AT,0,2WD MBR UPR AT,0.0,TQ,7.2,0,0,0,1,0,,
88135,2024-10-11 10:00,,103,1200TON PRESS,21871-4H100,21871-4H100,2WD MBR UPR AT,0,2WD MBR UPR AT,0.0,TQ,7.2,0,0,0,1,0,,
